股票名称,股票代码,2024年每股分红,2025年归母净利润增长率,近三年股利支付率,2025年预期每股分红,最新价格,股息率TTM,自算股息率,目标价格
浦发银行,600000,0.51,4.5,30,0.5329499999999999,7.8,6.5,6.832692307692306,10.658999999999997
中国建筑,601668,0.377,3.2,48,0.389064,6.5,5.8,5.985600000000001,7.78128
中国平安,601318,2.34,7.8,45,2.52252,45,5.2,5.6056,50.4504
